,user_id,transaction_currency,transaction_amount,date,time,transaction_id
0,81cebb24-683b-11ee-aca7-8699b86be788,USD,1.99,2010-05-22,2023-11-18 23:55:19,0
1,734ed624-683b-11ee-aca7-8699b86be788,USD,0.99,2010-05-22,2023-11-18 23:25:10,1
2,6017708e-683b-11ee-aca7-8699b86be788,USD,2.99,2010-05-22,2023-11-18 23:23:46,2
3,74b67418-683b-11ee-aca7-8699b86be788,USD,0.99,2010-05-21,2023-11-18 23:58:40,3
4,603a31fa-683b-11ee-aca7-8699b86be788,USD,1.29,2010-05-17,2023-11-18 07:10:10,4
5,833f9b40-683b-11ee-aca7-8699b86be788,USD,3.89,2010-05-22,2023-11-18 23:24:57,5
6,615750e0-683b-11ee-aca7-8699b86be788,USD,1.29,2010-05-18,2023-11-18 20:36:42,6
7,6c896912-683b-11ee-aca7-8699b86be788,USD,3.89,2010-05-20,2023-11-18 21:05:24,7
8,5ced4c8a-683b-11ee-aca7-8699b86be788,USD,1.29,2010-05-17,2023-11-18 22:37:08,8
9,79bfd30a-683b-11ee-aca7-8699b86be788,USD,3.89,2010-05-22,2023-11-18 23:35:08,9
10,8967c844-683b-11ee-aca7-8699b86be788,USD,0.99,2010-05-22,2023-11-18 23:52:34,10
11,5d57dbc2-683b-11ee-aca7-8699b86be788,USD,2.99,2010-05-19,2023-11-18 23:24:32,11
12,755d533c-683b-11ee-aca7-8699b86be788,USD,1.29,2010-05-22,2023-11-18 23:58:42,12
13,88f2c210-683b-11ee-aca7-8699b86be788,USD,2.99,2010-05-22,2023-11-18 23:46:31,13
14,6832bf76-683b-11ee-aca7-8699b86be788,USD,3.89,2010-05-21,2023-11-18 18:15:14,14
15,5d5c7704-683b-11ee-aca7-8699b86be788,USD,1.29,2010-05-21,2023-11-18 23:42:53,15
16,79bfd30a-683b-11ee-aca7-8699b86be788,USD,3.89,2010-05-22,2023-11-18 23:55:32,16
17,6190ecce-683b-11ee-aca7-8699b86be788,USD,3.89,2010-05-19,2023-11-18 23:52:51,17
18,7da4322c-683b-11ee-aca7-8699b86be788,USD,2.59,2010-05-22,2023-11-18 23:52:16,18
19,62caba3e-683b-11ee-aca7-8699b86be788,USD,0.99,2010-05-22,2023-11-18 23:50:13,19
20,738cd744-683b-11ee-aca7-8699b86be788,USD,3.89,2010-05-22,2023-11-18 23:53:04,20
21,66a79ece-683b-11ee-aca7-8699b86be788,USD,2.59,2010-05-21,2023-11-18 23:57:28,21
22,5d050e1a-683b-11ee-aca7-8699b86be788,USD,1.29,2010-05-17,2023-11-18 05:36:46,22
23,73bbe282-683b-11ee-aca7-8699b86be788,USD,1.29,2010-05-21,2023-11-18 23:53:56,23
24,66fd2600-683b-11ee-aca7-8699b86be788,USD,1.29,2010-05-21,2023-11-18 20:39:48,24
25,798f25ac-683b-11ee-aca7-8699b86be788,USD,3.89,2010-05-22,2023-11-18 23:53:30,25
26,5deeb826-683b-11ee-aca7-8699b86be788,USD,3.89,2010-05-20,2023-11-18 23:58:14,26
27,6a380664-683b-11ee-aca7-8699b86be788,USD,1.29,2010-05-20,2023-11-18 15:56:41,27
28,89198a30-683b-11ee-aca7-8699b86be788,USD,3.89,2010-05-22,2023-11-18 23:57:23,28
29,631515b6-683b-11ee-aca7-8699b86be788,USD,1.29,2010-05-21,2023-11-18 23:44:55,29
30,6cbb8b40-683b-11ee-aca7-8699b86be788,USD,1.29,2010-05-22,2023-11-18 23:49:00,30
31,5d71bb1e-683b-11ee-aca7-8699b86be788,USD,3.89,2010-05-18,2023-11-18 22:45:51,31
32,5e34dcde-683b-11ee-aca7-8699b86be788,USD,0.99,2010-05-20,2023-11-18 23:57:37,32
33,858fc2c6-683b-11ee-aca7-8699b86be788,USD,2.59,2010-05-22,2023-11-18 23:59:25,33
34,6ed72dd0-683b-11ee-aca7-8699b86be788,USD,2.99,2010-05-21,2023-11-18 23:41:29,34
35,60497c8c-683b-11ee-aca7-8699b86be788,USD,3.89,2010-05-18,2023-11-18 23:23:54,35
36,67970c66-683b-11ee-aca7-8699b86be788,USD,1.99,2010-05-21,2023-11-18 23:40:20,36
37,6be19868-683b-11ee-aca7-8699b86be788,USD,0.99,2010-05-20,2023-11-18 23:46:09,37
38,62650392-683b-11ee-aca7-8699b86be788,USD,0.99,2010-05-22,2023-11-18 23:55:59,38
39,766a86be-683b-11ee-aca7-8699b86be788,USD,1.29,2010-05-21,2023-11-18 23:47:31,39
40,6c4ee7c4-683b-11ee-aca7-8699b86be788,USD,1.29,2010-05-20,2023-11-18 23:59:25,40
41,61a6170c-683b-11ee-aca7-8699b86be788,USD,3.89,2010-05-22,2023-11-18 23:51:10,41
42,6ef55260-683b-11ee-aca7-8699b86be788,USD,2.59,2010-05-22,2023-11-18 23:49:20,42
43,625457f4-683b-11ee-aca7-8699b86be788,USD,2.99,2010-05-18,2023-11-18 23:46:21,43
44,72c5bbdc-683b-11ee-aca7-8699b86be788,USD,1.29,2010-05-22,2023-11-18 23:53:33,44
45,65a16ee2-683b-11ee-aca7-8699b86be788,USD,3.89,2010-05-21,2023-11-18 23:22:34,45
46,7dee5230-683b-11ee-aca7-8699b86be788,USD,1.29,2010-05-22,2023-11-18 23:59:18,46
47,5e9eb366-683b-11ee-aca7-8699b86be788,USD,0.99,2010-05-15,2023-11-18 14:45:38,47
48,6a8a17d8-683b-11ee-aca7-8699b86be788,USD,1.29,2010-05-20,2023-11-18 23:59:47,48
49,7748df18-683b-11ee-aca7-8699b86be788,USD,1.29,2010-05-21,2023-11-18 23:29:23,49
50,87613d82-683b-11ee-aca7-8699b86be788,USD,2.59,2010-05-22,2023-11-18 23:30:06,50
51,60e95464-683b-11ee-aca7-8699b86be788,USD,3.89,2010-05-22,2023-11-18 23:52:48,51
52,7219ebae-683b-11ee-aca7-8699b86be788,USD,1.29,2010-05-22,2023-11-18 23:41:18,52
53,71e99d0a-683b-11ee-aca7-8699b86be788,USD,3.89,2010-05-22,2023-11-18 23:43:21,53
54,6b0450de-683b-11ee-aca7-8699b86be788,USD,1.29,2010-05-22,2023-11-18 23:59:29,54
55,6ec96c9a-683b-11ee-aca7-8699b86be788,USD,1.29,2010-05-20,2023-11-18 23:53:54,55
56,607c06ac-683b-11ee-aca7-8699b86be788,USD,1.29,2010-05-18,2023-11-18 20:40:06,56
57,5f0aa44a-683b-11ee-aca7-8699b86be788,USD,2.99,2010-05-19,2023-11-18 20:22:01,57
58,64ecd3e2-683b-11ee-aca7-8699b86be788,USD,12.99,2010-05-18,2023-11-18 23:35:56,58
59,6622b65a-683b-11ee-aca7-8699b86be788,USD,2.59,2010-05-22,2023-11-18 23:20:52,59
60,6aaf71b8-683b-11ee-aca7-8699b86be788,USD,2.59,2010-05-21,2023-11-18 23:36:13,60
61,5e4adce6-683b-11ee-aca7-8699b86be788,USD,1.29,2010-05-22,2023-11-18 23:53:59,61
62,619b7d88-683b-11ee-aca7-8699b86be788,USD,0.99,2010-05-19,2023-11-18 21:46:54,62
63,5e694d8e-683b-11ee-aca7-8699b86be788,USD,0.99,2010-05-18,2023-11-18 23:54:18,63
64,82f42fca-683b-11ee-aca7-8699b86be788,USD,1.29,2010-05-22,2023-11-18 23:58:41,64
65,63731c88-683b-11ee-aca7-8699b86be788,USD,1.29,2010-05-19,2023-11-18 23:49:51,65
66,690b5bd8-683b-11ee-aca7-8699b86be788,USD,4.99,2010-05-20,2023-11-18 11:34:42,66
67,79a45562-683b-11ee-aca7-8699b86be788,USD,1.29,2010-05-22,2023-11-18 23:56:54,67
68,63858666-683b-11ee-aca7-8699b86be788,USD,4.99,2010-05-18,2023-11-18 23:20:37,68
69,6ef250d8-683b-11ee-aca7-8699b86be788,USD,1.29,2010-05-21,2023-11-18 23:30:08,69
70,6058e65e-683b-11ee-aca7-8699b86be788,USD,1.29,2010-05-22,2023-11-18 15:47:40,70
71,86a0f6da-683b-11ee-aca7-8699b86be788,USD,1.29,2010-05-22,2023-11-18 23:51:57,71
72,77686df6-683b-11ee-aca7-8699b86be788,USD,0.99,2010-05-21,2023-11-18 23:55:47,72
73,61957582-683b-11ee-aca7-8699b86be788,USD,1.99,2010-05-19,2023-11-18 23:43:58,73
74,5ec1d77e-683b-11ee-aca7-8699b86be788,USD,1.29,2010-05-22,2023-11-18 23:56:22,74
75,5ea4c4b8-683b-11ee-aca7-8699b86be788,USD,1.29,2010-05-20,2023-11-18 20:43:45,75
76,b1d83b18-641d-101e-ac14-8690b86be718,USD,13.0,2010-05-09,2023-11-18 19:59:51,76
77,5e4df606-683b-11ee-aca7-8699b86be788,USD,2.99,2010-05-17,2023-11-18 22:32:59,77
78,6b0d5dbe-683b-11ee-aca7-8699b86be788,USD,1.99,2010-05-20,2023-11-18 21:42:30,78
79,5e4f8aa2-683b-11ee-aca7-8699b86be788,USD,2.59,2010-05-22,2023-11-18 23:27:18,79
80,68d5e0d4-683b-11ee-aca7-8699b86be788,USD,0.99,2010-05-20,2023-11-18 22:45:57,80
81,5eeab720-683b-11ee-aca7-8699b86be788,USD,0.99,2010-05-19,2023-11-18 23:45:59,81
82,7bc78ac6-683b-11ee-aca7-8699b86be788,USD,1.29,2010-05-22,2023-11-18 23:58:28,82
83,73feb04e-683b-11ee-aca7-8699b86be788,USD,0.99,2010-05-21,2023-11-18 23:36:38,83
84,60ff5098-683b-11ee-aca7-8699b86be788,USD,2.99,2010-05-17,2023-11-18 22:04:47,84
85,7099e8ec-683b-11ee-aca7-8699b86be788,USD,0.99,2010-05-21,2023-11-18 23:37:34,85
86,6266883e-683b-11ee-aca7-8699b86be788,USD,1.29,2010-05-19,2023-11-18 16:27:50,86
87,5e3d22b8-683b-11ee-aca7-8699b86be788,USD,3.89,2010-05-22,2023-11-18 23:54:44,87
88,7e9460b2-683b-11ee-aca7-8699b86be788,USD,1.29,2010-05-22,2023-11-18 23:49:32,88
89,64472e06-683b-11ee-aca7-8699b86be788,USD,1.29,2010-05-21,2023-11-18 23:35:35,89
90,7c7e38a2-683b-11ee-aca7-8699b86be788,USD,4.99,2010-05-22,2023-11-18 23:39:21,90
91,72ff5126-683b-11ee-aca7-8699b86be788,USD,1.29,2010-05-21,2023-11-18 23:38:39,91
92,88efac74-683b-11ee-aca7-8699b86be788,USD,1.99,2010-05-22,2023-11-18 23:54:34,92
93,71d2ebf0-683b-11ee-aca7-8699b86be788,USD,1.29,2010-05-22,2023-11-18 23:55:44,93
94,75728ffe-683b-11ee-aca7-8699b86be788,USD,1.29,2010-05-21,2023-11-18 23:58:04,94
95,7392de1e-683b-11ee-aca7-8699b86be788,USD,1.29,2010-05-21,2023-11-18 23:40:12,95
96,74b05f9c-683b-11ee-aca7-8699b86be788,USD,1.99,2010-05-22,2023-11-18 23:49:49,96
97,69d5f2bc-683b-11ee-aca7-8699b86be788,USD,1.99,2010-05-21,2023-11-18 23:57:34,97
98,5ef3d332-683b-11ee-aca7-8699b86be788,USD,3.89,2010-05-21,2023-11-18 23:49:07,98
99,6b370132-683b-11ee-aca7-8699b86be788,USD,12.99,2010-05-20,2023-11-18 18:29:45,99
100,7c968a1a-683b-11ee-aca7-8699b86be788,USD,2.59,2010-05-22,2023-11-18 23:59:35,100
101,88d12ab0-683b-11ee-aca7-8699b86be788,USD,1.29,2010-05-22,2023-11-18 23:22:22,101
102,65f81ca6-683b-11ee-aca7-8699b86be788,USD,1.29,2010-05-20,2023-11-18 19:15:50,102
103,7371c274-683b-11ee-aca7-8699b86be788,USD,2.59,2010-05-21,2023-11-18 23:58:05,103
104,5ed0e4f8-683b-11ee-aca7-8699b86be788,USD,2.59,2010-05-20,2023-11-18 19:56:46,104
105,73bbe282-683b-11ee-aca7-8699b86be788,USD,1.29,2010-05-21,2023-11-18 23:53:03,105
106,6b46471e-683b-11ee-aca7-8699b86be788,USD,2.59,2010-05-21,2023-11-18 23:38:27,106
107,5d135344-683b-11ee-aca7-8699b86be788,USD,1.29,2010-05-18,2023-11-18 10:42:22,107
108,6209cf40-683b-11ee-aca7-8699b86be788,USD,1.29,2010-05-17,2023-11-18 22:44:54,108
109,64b48d5c-683b-11ee-aca7-8699b86be788,USD,3.89,2010-05-18,2023-11-18 23:02:57,109
110,74ddfdda-683b-11ee-aca7-8699b86be788,USD,1.29,2010-05-21,2023-11-18 23:43:07,110
111,744acfb0-683b-11ee-aca7-8699b86be788,USD,3.89,2010-05-21,2023-11-18 15:53:56,111
112,5f5cc50e-683b-11ee-aca7-8699b86be788,USD,2.59,2010-05-22,2023-11-18 23:39:09,112
113,76ec95dc-683b-11ee-aca7-8699b86be788,USD,1.29,2010-05-21,2023-11-18 23:25:02,113
114,631515b6-683b-11ee-aca7-8699b86be788,USD,3.89,2010-05-18,2023-11-18 23:27:01,114
115,78b07bc2-683b-11ee-aca7-8699b86be788,USD,1.29,2010-05-21,2023-11-18 23:40:25,115
116,5f581180-683b-11ee-aca7-8699b86be788,USD,1.29,2010-05-21,2023-11-18 23:36:27,116
117,5dfac63e-683b-11ee-aca7-8699b86be788,USD,1.99,2010-05-21,2023-11-18 23:58:13,117
118,8554f376-683b-11ee-aca7-8699b86be788,USD,2.59,2010-05-22,2023-11-18 23:59:30,118
119,68bb9968-683b-11ee-aca7-8699b86be788,USD,0.99,2010-05-22,2023-11-18 23:53:03,119
120,5d3066b4-683b-11ee-aca7-8699b86be788,USD,0.99,2010-05-12,2023-11-18 12:39:51,120
121,5e09f636-683b-11ee-aca7-8699b86be788,USD,2.99,2010-05-16,2023-11-18 18:44:07,121
122,65630dc8-683b-11ee-aca7-8699b86be788,USD,2.59,2010-05-20,2023-11-18 23:53:10,122
123,6942eb34-683b-11ee-aca7-8699b86be788,USD,1.29,2010-05-21,2023-11-18 23:59:17,123
124,6cfe133e-683b-11ee-aca7-8699b86be788,USD,3.89,2010-05-21,2023-11-18 23:37:56,124
125,6a2bee6a-683b-11ee-aca7-8699b86be788,USD,12.99,2010-05-21,2023-11-18 23:47:05,125
126,6c8f7276-683b-11ee-aca7-8699b86be788,USD,2.59,2010-05-21,2023-11-18 23:54:27,126
127,64a6e4f4-683b-11ee-aca7-8699b86be788,USD,1.99,2010-05-20,2023-11-18 23:49:09,127
128,6a594f40-683b-11ee-aca7-8699b86be788,USD,1.29,2010-05-21,2023-11-18 23:31:58,128
129,5fd16972-683b-11ee-aca7-8699b86be788,USD,3.89,2010-05-20,2023-11-18 23:49:03,129
130,6f926802-683b-11ee-aca7-8699b86be788,USD,0.99,2010-05-22,2023-11-18 23:59:42,130
131,66c4c0c6-683b-11ee-aca7-8699b86be788,USD,2.59,2010-05-19,2023-11-18 23:19:26,131
132,621f1e40-683b-11ee-aca7-8699b86be788,USD,3.89,2010-05-18,2023-11-18 21:12:27,132
133,6d1f56fc-683b-11ee-aca7-8699b86be788,USD,2.99,2010-05-21,2023-11-18 23:42:27,133
134,6bac7840-683b-11ee-aca7-8699b86be788,USD,1.29,2010-05-20,2023-11-18 20:05:27,134
135,61c2e6d4-683b-11ee-aca7-8699b86be788,USD,2.59,2010-05-22,2023-11-18 23:58:50,135
136,5de2ad6a-683b-11ee-aca7-8699b86be788,USD,0.99,2010-05-20,2023-11-18 16:35:09,136
137,6cb0edca-683b-11ee-aca7-8699b86be788,USD,1.29,2010-05-21,2023-11-18 16:13:09,137
138,5ecc623e-683b-11ee-aca7-8699b86be788,USD,1.29,2010-05-16,2023-11-18 23:12:42,138
139,5dc743b8-683b-11ee-aca7-8699b86be788,USD,1.29,2010-05-16,2023-11-18 22:01:40,139
140,676683b6-683b-11ee-aca7-8699b86be788,USD,0.99,2010-05-20,2023-11-18 23:58:59,140
141,71c26474-683b-11ee-aca7-8699b86be788,USD,1.29,2010-05-21,2023-11-18 23:47:49,141
142,83903fa0-683b-11ee-aca7-8699b86be788,USD,4.99,2010-05-22,2023-11-18 23:49:54,142
143,6740c900-683b-11ee-aca7-8699b86be788,USD,1.29,2010-05-21,2023-11-18 23:49:38,143
144,70aef750-683b-11ee-aca7-8699b86be788,USD,4.99,2010-05-22,2023-11-18 23:59:16,144
145,654aee82-683b-11ee-aca7-8699b86be788,USD,1.29,2010-05-20,2023-11-18 09:02:45,145
146,61ca6e54-683b-11ee-aca7-8699b86be788,USD,0.99,2010-05-18,2023-11-18 19:48:48,146
147,5f73a03a-683b-11ee-aca7-8699b86be788,USD,1.29,2010-05-16,2023-11-18 23:29:11,147
148,62944b70-683b-11ee-aca7-8699b86be788,USD,1.29,2010-05-22,2023-11-18 17:05:45,148
149,7325f812-683b-11ee-aca7-8699b86be788,USD,2.99,2010-05-22,2023-11-18 23:58:34,149
150,736b87ec-683b-11ee-aca7-8699b86be788,USD,1.29,2010-05-22,2023-11-18 23:22:43,150
151,5ee490e8-683b-11ee-aca7-8699b86be788,USD,1.29,2010-05-15,2023-11-18 19:32:05,151
152,62054858-683b-11ee-aca7-8699b86be788,USD,2.99,2010-05-18,2023-11-18 22:37:42,152
153,6fcb1ea4-683b-11ee-aca7-8699b86be788,USD,3.89,2010-05-20,2023-11-18 23:59:05,153
154,5fd16972-683b-11ee-aca7-8699b86be788,USD,1.29,2010-05-17,2023-11-18 21:43:28,154
155,63904038-683b-11ee-aca7-8699b86be788,USD,0.99,2010-05-22,2023-11-18 23:59:38,155
156,705a81b6-683b-11ee-aca7-8699b86be788,USD,1.29,2010-05-21,2023-11-18 23:57:52,156
157,5f061a10-683b-11ee-aca7-8699b86be788,USD,2.59,2010-05-19,2023-11-18 20:08:51,157
158,607f9060-683b-11ee-aca7-8699b86be788,USD,2.59,2010-05-20,2023-11-18 23:57:04,158
159,63e0ed6c-683b-11ee-aca7-8699b86be788,USD,12.99,2010-05-21,2023-11-18 04:36:53,159
160,6199fb52-683b-11ee-aca7-8699b86be788,USD,1.29,2010-05-21,2023-11-18 23:34:23,160
161,681a52ce-683b-11ee-aca7-8699b86be788,USD,1.29,2010-05-21,2023-11-18 23:55:30,161
162,7f195bdc-683b-11ee-aca7-8699b86be788,USD,2.59,2010-05-22,2023-11-18 23:51:02,162
163,73308a16-683b-11ee-aca7-8699b86be788,USD,1.29,2010-05-22,2023-11-18 23:55:26,163
164,603d353a-683b-11ee-aca7-8699b86be788,USD,1.29,2010-05-16,2023-11-18 19:44:47,164
165,6a146470-683b-11ee-aca7-8699b86be788,USD,1.29,2010-05-21,2023-11-18 23:58:21,165
166,7da737ba-683b-11ee-aca7-8699b86be788,USD,2.59,2010-05-22,2023-11-18 23:38:17,166
167,5ecc623e-683b-11ee-aca7-8699b86be788,USD,12.99,2010-05-17,2023-11-18 23:17:46,167
168,735f6d22-683b-11ee-aca7-8699b86be788,USD,2.59,2010-05-22,2023-11-18 23:49:16,168
169,5e4df606-683b-11ee-aca7-8699b86be788,USD,0.99,2010-05-15,2023-11-18 23:20:09,169
170,7bca8f5a-683b-11ee-aca7-8699b86be788,USD,1.29,2010-05-22,2023-11-18 23:36:14,170
171,618deaec-683b-11ee-aca7-8699b86be788,USD,3.89,2010-05-19,2023-11-18 23:58:12,171
172,634f9e98-683b-11ee-aca7-8699b86be788,USD,1.99,2010-05-19,2023-11-18 17:58:05,172
173,87442c2e-683b-11ee-aca7-8699b86be788,USD,1.29,2010-05-22,2023-11-18 23:55:57,173
174,673dc354-683b-11ee-aca7-8699b86be788,USD,1.29,2010-05-19,2023-11-18 23:44:13,174
175,6b755a22-683b-11ee-aca7-8699b86be788,USD,1.29,2010-05-22,2023-11-18 23:51:20,175
176,5db9b978-683b-11ee-aca7-8699b86be788,USD,1.29,2010-05-13,2023-11-18 23:37:44,176
177,73c3bcb4-683b-11ee-aca7-8699b86be788,USD,0.99,2010-05-21,2023-11-18 23:57:29,177
178,5f9dae16-683b-11ee-aca7-8699b86be788,USD,1.29,2010-05-22,2023-11-18 23:51:11,178
179,7428050c-683b-11ee-aca7-8699b86be788,USD,2.99,2010-05-22,2023-11-18 23:43:47,179
180,88ce25f4-683b-11ee-aca7-8699b86be788,USD,1.29,2010-05-22,2023-11-18 23:58:25,180
181,680ed840-683b-11ee-aca7-8699b86be788,USD,1.29,2010-05-20,2023-11-18 23:59:46,181
182,6941639a-683b-11ee-aca7-8699b86be788,USD,3.89,2010-05-19,2023-11-18 23:51:04,182
183,669e8b86-683b-11ee-aca7-8699b86be788,USD,0.99,2010-05-20,2023-11-18 23:48:40,183
184,62d24416-683b-11ee-aca7-8699b86be788,USD,3.89,2010-05-21,2023-11-18 23:48:27,184
185,646d6ff8-683b-11ee-aca7-8699b86be788,USD,1.29,2010-05-22,2023-11-18 23:20:27,185
186,6d4a8cdc-683b-11ee-aca7-8699b86be788,USD,1.99,2010-05-21,2023-11-18 23:37:25,186
187,79fe554e-683b-11ee-aca7-8699b86be788,USD,2.59,2010-05-22,2023-11-18 23:27:00,187
188,62dfc762-683b-11ee-aca7-8699b86be788,USD,0.99,2010-05-22,2023-11-18 23:32:42,188
189,652befb4-683b-11ee-aca7-8699b86be788,USD,2.59,2010-05-19,2023-11-18 21:52:28,189
190,5e8c5e32-683b-11ee-aca7-8699b86be788,USD,2.59,2010-05-19,2023-11-18 23:49:08,190
191,639f7d00-683b-11ee-aca7-8699b86be788,USD,2.99,2010-05-20,2023-11-18 23:49:18,191
192,6ed5ab04-683b-11ee-aca7-8699b86be788,USD,1.29,2010-05-22,2023-11-18 23:50:16,192
193,77367d28-683b-11ee-aca7-8699b86be788,USD,1.29,2010-05-21,2023-11-18 23:51:42,193
194,6272b258-683b-11ee-aca7-8699b86be788,USD,0.99,2010-05-19,2023-11-18 23:40:14,194
195,717f879e-683b-11ee-aca7-8699b86be788,USD,1.29,2010-05-22,2023-11-18 23:56:40,195
196,60a60132-683b-11ee-aca7-8699b86be788,USD,12.99,2010-05-18,2023-11-18 22:41:06,196
197,6be6362a-683b-11ee-aca7-8699b86be788,USD,1.29,2010-05-20,2023-11-18 22:36:37,197
198,6f70fbc2-683b-11ee-aca7-8699b86be788,USD,1.29,2010-05-20,2023-11-18 23:58:59,198
199,67b0bc42-683b-11ee-aca7-8699b86be788,USD,1.29,2010-05-22,2023-11-18 23:22:18,199
200,6b8162ea-683b-11ee-aca7-8699b86be788,USD,2.59,2010-05-20,2023-11-18 14:20:33,200
201,6ce152a8-683b-11ee-aca7-8699b86be788,USD,2.59,2010-05-22,2023-11-18 23:58:59,201
202,602514e6-683b-11ee-aca7-8699b86be788,USD,2.99,2010-05-18,2023-11-18 17:41:50,202
203,7046c5f4-683b-11ee-aca7-8699b86be788,USD,0.99,2010-05-21,2023-11-18 23:59:05,203
204,65890a14-683b-11ee-aca7-8699b86be788,USD,2.59,2010-05-19,2023-11-18 15:58:31,204
205,69100610-683b-11ee-aca7-8699b86be788,USD,0.99,2010-05-22,2023-11-18 23:51:01,205
206,79129bb8-683b-11ee-aca7-8699b86be788,USD,1.29,2010-05-22,2023-11-18 23:57:18,206
207,601ef9d0-683b-11ee-aca7-8699b86be788,USD,3.89,2010-05-22,2023-11-18 23:56:46,207
208,86b4b576-683b-11ee-aca7-8699b86be788,USD,2.59,2010-05-22,2023-11-18 23:29:06,208
209,7a2e22b0-683b-11ee-aca7-8699b86be788,USD,3.89,2010-05-22,2023-11-18 23:53:49,209
210,73bbe282-683b-11ee-aca7-8699b86be788,USD,1.29,2010-05-22,2023-11-18 23:55:52,210
211,774d6006-683b-11ee-aca7-8699b86be788,USD,2.59,2010-05-22,2023-11-18 23:57:56,211
212,5f0dace4-683b-11ee-aca7-8699b86be788,USD,2.99,2010-05-22,2023-11-18 23:35:20,212
213,6696f420-683b-11ee-aca7-8699b86be788,USD,3.89,2010-05-22,2023-11-18 23:52:37,213
214,6f87d7ac-683b-11ee-aca7-8699b86be788,USD,1.29,2010-05-21,2023-11-18 23:47:42,214
215,66a79ece-683b-11ee-aca7-8699b86be788,USD,2.59,2010-05-21,2023-11-18 23:44:48,215
216,72471b7e-683b-11ee-aca7-8699b86be788,USD,3.89,2010-05-22,2023-11-18 23:50:12,216
217,5f001016-683b-11ee-aca7-8699b86be788,USD,2.99,2010-05-22,2023-11-18 23:32:18,217
218,6ed124bc-683b-11ee-aca7-8699b86be788,USD,0.99,2010-05-20,2023-11-18 22:22:19,218
219,65494f0a-683b-11ee-aca7-8699b86be788,USD,3.89,2010-05-22,2023-11-18 23:56:09,219
220,5d4d4b12-683b-11ee-aca7-8699b86be788,USD,2.59,2010-05-21,2023-11-18 23:39:25,220
221,603127fe-683b-11ee-aca7-8699b86be788,USD,1.29,2010-05-19,2023-11-18 23:52:59,221
222,62a4f452-683b-11ee-aca7-8699b86be788,USD,1.29,2010-05-20,2023-11-18 23:54:53,222
223,75180af2-683b-11ee-aca7-8699b86be788,USD,1.29,2010-05-22,2023-11-18 23:53:41,223
224,769b14d2-683b-11ee-aca7-8699b86be788,USD,1.99,2010-05-22,2023-11-18 23:56:11,224
225,61f8c38a-683b-11ee-aca7-8699b86be788,USD,2.59,2010-05-21,2023-11-18 23:32:50,225
226,6f89594c-683b-11ee-aca7-8699b86be788,USD,1.29,2010-05-20,2023-11-18 23:58:41,226
227,84dda9e2-683b-11ee-aca7-8699b86be788,USD,1.29,2010-05-22,2023-11-18 23:32:53,227
228,84d17910-683b-11ee-aca7-8699b86be788,USD,2.99,2010-05-22,2023-11-18 23:49:17,228
229,5ddfa8f4-683b-11ee-aca7-8699b86be788,USD,1.29,2010-05-19,2023-11-18 23:33:55,229
230,6adb72cc-683b-11ee-aca7-8699b86be788,USD,1.29,2010-05-21,2023-11-18 23:47:48,230
231,5eb561d8-683b-11ee-aca7-8699b86be788,USD,1.99,2010-05-18,2023-11-18 23:28:11,231
232,5f721f4e-683b-11ee-aca7-8699b86be788,USD,1.29,2010-05-17,2023-11-18 23:58:14,232
233,8808abee-683b-11ee-aca7-8699b86be788,USD,3.89,2010-05-22,2023-11-18 23:36:26,233
234,7081bb28-683b-11ee-aca7-8699b86be788,USD,1.29,2010-05-22,2023-11-18 23:59:13,234
235,66c19374-683b-11ee-aca7-8699b86be788,USD,4.99,2010-05-20,2023-11-18 21:50:06,235
236,6706487a-683b-11ee-aca7-8699b86be788,USD,1.29,2010-05-19,2023-11-18 20:12:16,236
237,63c5b876-683b-11ee-aca7-8699b86be788,USD,0.99,2010-05-20,2023-11-18 23:48:03,237
238,6e250f42-683b-11ee-aca7-8699b86be788,USD,3.89,2010-05-20,2023-11-18 23:53:59,238
239,6645c528-683b-11ee-aca7-8699b86be788,USD,2.99,2010-05-22,2023-11-18 23:26:21,239
240,76df05ac-683b-11ee-aca7-8699b86be788,USD,2.59,2010-05-22,2023-11-18 23:54:31,240
241,5e1f1a34-683b-11ee-aca7-8699b86be788,USD,2.99,2010-05-16,2023-11-18 20:23:20,241
242,7b515aea-683b-11ee-aca7-8699b86be788,USD,0.99,2010-05-22,2023-11-18 23:53:06,242
243,6340979a-683b-11ee-aca7-8699b86be788,USD,12.99,2010-05-19,2023-11-18 02:03:03,243
244,5f85fd48-683b-11ee-aca7-8699b86be788,USD,3.89,2010-05-20,2023-11-18 23:51:41,244
245,60e130fe-683b-11ee-aca7-8699b86be788,USD,3.89,2010-05-17,2023-11-18 23:28:07,245
246,63265452-683b-11ee-aca7-8699b86be788,USD,2.59,2010-05-18,2023-11-18 20:23:38,246
247,5cf37312-683b-11ee-aca7-8699b86be788,USD,1.29,2010-05-21,2023-11-18 23:29:02,247
248,5ff8b446-683b-11ee-aca7-8699b86be788,USD,2.59,2010-05-18,2023-11-18 23:20:46,248
249,63b4ae14-683b-11ee-aca7-8699b86be788,USD,1.29,2010-05-22,2023-11-18 23:34:14,249
250,64ae85a6-683b-11ee-aca7-8699b86be788,USD,3.89,2010-05-19,2023-11-18 23:51:36,250
251,5d06aac2-683b-11ee-aca7-8699b86be788,USD,1.29,2010-05-10,2023-11-18 20:57:56,251
252,6d8744f6-683b-11ee-aca7-8699b86be788,USD,1.29,2010-05-21,2023-11-18 23:54:52,252
253,6a924d4a-683b-11ee-aca7-8699b86be788,USD,1.29,2010-05-21,2023-11-18 23:17:55,253
254,7638ea82-683b-11ee-aca7-8699b86be788,USD,2.59,2010-05-21,2023-11-18 23:51:00,254
255,6bf6fadc-683b-11ee-aca7-8699b86be788,USD,3.89,2010-05-21,2023-11-18 23:40:47,255
256,5d06aac2-683b-11ee-aca7-8699b86be788,USD,1.29,2010-05-11,2023-11-18 18:10:12,256
257,5f2918e4-683b-11ee-aca7-8699b86be788,USD,2.99,2010-05-22,2023-11-18 23:59:38,257
258,5fd60a7c-683b-11ee-aca7-8699b86be788,USD,0.99,2010-05-16,2023-11-18 20:27:31,258
259,811bcff0-683b-11ee-aca7-8699b86be788,USD,2.99,2010-05-22,2023-11-18 23:54:57,259
260,6775a3f0-683b-11ee-aca7-8699b86be788,USD,0.99,2010-05-20,2023-11-18 20:18:52,260
261,898f92a2-683b-11ee-aca7-8699b86be788,USD,0.99,2010-05-22,2023-11-18 23:36:55,261
262,8685c8d8-683b-11ee-aca7-8699b86be788,USD,3.89,2010-05-22,2023-11-18 23:57:55,262
263,5cfa5bc8-683b-11ee-aca7-8699b86be788,USD,1.29,2010-05-14,2023-11-18 16:21:40,263
264,64a86716-683b-11ee-aca7-8699b86be788,USD,12.99,2010-05-22,2023-11-18 23:50:11,264
265,6d62b32a-683b-11ee-aca7-8699b86be788,USD,1.29,2010-05-21,2023-11-18 23:37:14,265
266,5fefab76-683b-11ee-aca7-8699b86be788,USD,2.59,2010-05-22,2023-11-18 23:55:36,266
267,712f916c-683b-11ee-aca7-8699b86be788,USD,0.99,2010-05-21,2023-11-18 23:33:04,267
268,78d66454-683b-11ee-aca7-8699b86be788,USD,0.99,2010-05-22,2023-11-18 23:25:59,268
269,6a09cfec-683b-11ee-aca7-8699b86be788,USD,0.99,2010-05-21,2023-11-18 23:38:51,269
270,6c7b6bfa-683b-11ee-aca7-8699b86be788,USD,3.89,2010-05-20,2023-11-18 23:48:46,270
271,5d88ed20-683b-11ee-aca7-8699b86be788,USD,1.29,2010-05-17,2023-11-18 23:18:15,271
272,771cc87e-683b-11ee-aca7-8699b86be788,USD,1.29,2010-05-22,2023-11-18 23:41:11,272
273,7682a9ce-683b-11ee-aca7-8699b86be788,USD,3.89,2010-05-22,2023-11-18 23:58:03,273
274,605731a6-683b-11ee-aca7-8699b86be788,USD,0.99,2010-05-19,2023-11-18 18:58:39,274
275,5d2bbd12-683b-11ee-aca7-8699b86be788,USD,3.89,2010-05-22,2023-11-18 23:39:12,275
276,5fa0b6ce-683b-11ee-aca7-8699b86be788,USD,3.89,2010-05-19,2023-11-18 05:21:05,276
277,655b84c2-683b-11ee-aca7-8699b86be788,USD,1.99,2010-05-22,2023-11-18 23:58:32,277
278,61a18246-683b-11ee-aca7-8699b86be788,USD,0.99,2010-05-22,2023-11-18 23:51:04,278
279,634a9664-683b-11ee-aca7-8699b86be788,USD,3.89,2010-05-22,2023-11-18 23:55:38,279
280,62009a38-683b-11ee-aca7-8699b86be788,USD,1.29,2010-05-22,2023-11-18 23:51:40,280
281,61987b4c-683b-11ee-aca7-8699b86be788,USD,12.99,2010-05-17,2023-11-18 22:47:35,281
282,6522a3e6-683b-11ee-aca7-8699b86be788,USD,1.29,2010-05-21,2023-11-18 23:48:12,282
283,60372ece-683b-11ee-aca7-8699b86be788,USD,1.29,2010-05-20,2023-11-18 19:01:34,283
284,69490212-683b-11ee-aca7-8699b86be788,USD,2.59,2010-05-20,2023-11-18 23:47:42,284
285,5e93e0b2-683b-11ee-aca7-8699b86be788,USD,2.59,2010-05-19,2023-11-18 23:39:17,285
286,5e4f8aa2-683b-11ee-aca7-8699b86be788,USD,3.89,2010-05-15,2023-11-18 19:13:59,286
287,65f81ca6-683b-11ee-aca7-8699b86be788,USD,3.89,2010-05-22,2023-11-18 23:52:10,287
288,6066724c-683b-11ee-aca7-8699b86be788,USD,1.29,2010-05-22,2023-11-18 23:56:26,288
289,5ddca3c0-683b-11ee-aca7-8699b86be788,USD,1.29,2010-05-21,2023-11-18 20:06:26,289
290,71491fce-683b-11ee-aca7-8699b86be788,USD,0.99,2010-05-21,2023-11-18 23:46:02,290
291,655e885c-683b-11ee-aca7-8699b86be788,USD,1.29,2010-05-22,2023-11-18 23:57:06,291
292,70f645a6-683b-11ee-aca7-8699b86be788,USD,2.99,2010-05-22,2023-11-18 23:46:43,292
293,6f37e1de-683b-11ee-aca7-8699b86be788,USD,0.99,2010-05-22,2023-11-18 23:58:34,293
294,6ab8885c-683b-11ee-aca7-8699b86be788,USD,1.99,2010-05-20,2023-11-18 23:43:18,294
295,718287c8-683b-11ee-aca7-8699b86be788,USD,12.99,2010-05-21,2023-11-18 23:57:56,295
296,817d5e14-683b-11ee-aca7-8699b86be788,USD,3.89,2010-05-22,2023-11-18 23:45:39,296
297,5d2bbd12-683b-11ee-aca7-8699b86be788,USD,2.59,2010-05-21,2023-11-18 23:59:02,297
298,5d565b08-683b-11ee-aca7-8699b86be788,USD,1.29,2010-05-21,2023-11-18 23:41:06,298
299,5d657d22-683b-11ee-aca7-8699b86be788,USD,0.99,2010-05-12,2023-11-18 22:38:46,299
300,68dbe95c-683b-11ee-aca7-8699b86be788,USD,1.29,2010-05-19,2023-11-18 23:25:43,300
301,6b69423c-683b-11ee-aca7-8699b86be788,USD,0.99,2010-05-21,2023-11-18 23:30:42,301
302,6ac1a13a-683b-11ee-aca7-8699b86be788,USD,0.99,2010-05-20,2023-11-18 22:28:54,302
303,67f50e92-683b-11ee-aca7-8699b86be788,USD,1.29,2010-05-21,2023-11-18 23:52:20,303
304,60d6a1d4-683b-11ee-aca7-8699b86be788,USD,1.29,2010-05-18,2023-11-18 23:37:23,304
305,5f6d96d6-683b-11ee-aca7-8699b86be788,USD,2.99,2010-05-18,2023-11-18 23:09:49,305
306,663f900e-683b-11ee-aca7-8699b86be788,USD,1.29,2010-05-21,2023-11-18 23:48:05,306
307,5fe09cda-683b-11ee-aca7-8699b86be788,USD,1.99,2010-05-16,2023-11-18 22:11:43,307
308,5f2612b6-683b-11ee-aca7-8699b86be788,USD,3.89,2010-05-20,2023-11-18 18:33:55,308
309,686f650c-683b-11ee-aca7-8699b86be788,USD,0.99,2010-05-21,2023-11-18 23:52:38,309
310,67c150d4-683b-11ee-aca7-8699b86be788,USD,12.99,2010-05-19,2023-11-18 23:24:04,310
311,65785106-683b-11ee-aca7-8699b86be788,USD,1.99,2010-05-21,2023-11-18 23:40:04,311
312,7b17f5ca-683b-11ee-aca7-8699b86be788,USD,1.29,2010-05-22,2023-11-18 23:56:37,312
313,61a6170c-683b-11ee-aca7-8699b86be788,USD,6.49,2010-05-21,2023-11-18 23:45:45,313
314,6adffa5e-683b-11ee-aca7-8699b86be788,USD,1.29,2010-05-21,2023-11-18 23:30:10,314
315,6384017e-683b-11ee-aca7-8699b86be788,USD,1.29,2010-05-22,2023-11-18 23:57:47,315
316,5d795c66-683b-11ee-aca7-8699b86be788,USD,1.29,2010-05-15,2023-11-18 19:30:49,316
317,6f34df70-683b-11ee-aca7-8699b86be788,USD,2.59,2010-05-20,2023-11-18 23:52:01,317
318,612e87dc-683b-11ee-aca7-8699b86be788,USD,1.29,2010-05-20,2023-11-18 21:28:47,318
319,5fe6a490-683b-11ee-aca7-8699b86be788,USD,1.29,2010-05-17,2023-11-18 23:06:03,319
320,5ee61166-683b-11ee-aca7-8699b86be788,USD,1.99,2010-05-17,2023-11-18 22:58:07,320
321,6e299472-683b-11ee-aca7-8699b86be788,USD,1.29,2010-05-22,2023-11-18 23:51:17,321
322,6272b258-683b-11ee-aca7-8699b86be788,USD,4.99,2010-05-20,2023-11-18 23:57:31,322
323,6061b8b0-683b-11ee-aca7-8699b86be788,USD,3.89,2010-05-20,2023-11-18 23:50:53,323
324,6aa18a6c-683b-11ee-aca7-8699b86be788,USD,12.99,2010-05-22,2023-11-18 23:56:07,324
325,61ec8638-683b-11ee-aca7-8699b86be788,USD,1.29,2010-05-18,2023-11-18 19:48:07,325
326,88945090-683b-11ee-aca7-8699b86be788,USD,6.49,2010-05-22,2023-11-18 23:26:17,326
327,64872c36-683b-11ee-aca7-8699b86be788,USD,3.89,2010-05-18,2023-11-18 23:44:42,327
328,63563f1e-683b-11ee-aca7-8699b86be788,USD,3.89,2010-05-21,2023-11-18 23:30:52,328
329,83309050-683b-11ee-aca7-8699b86be788,USD,1.29,2010-05-22,2023-11-18 23:45:36,329
330,5e34dcde-683b-11ee-aca7-8699b86be788,USD,4.99,2010-05-16,2023-11-18 23:56:15,330
331,622853ac-683b-11ee-aca7-8699b86be788,USD,0.99,2010-05-22,2023-11-18 23:51:51,331
332,69554e78-683b-11ee-aca7-8699b86be788,USD,2.59,2010-05-21,2023-11-18 21:15:49,332
333,782c0b26-683b-11ee-aca7-8699b86be788,USD,0.99,2010-05-22,2023-11-18 23:54:43,333
334,5f218d2c-683b-11ee-aca7-8699b86be788,USD,3.89,2010-05-16,2023-11-18 23:16:42,334
335,7013d158-683b-11ee-aca7-8699b86be788,USD,2.59,2010-05-22,2023-11-18 23:46:57,335
336,677bb0e2-683b-11ee-aca7-8699b86be788,USD,1.29,2010-05-21,2023-11-18 23:52:48,336
337,64504b30-683b-11ee-aca7-8699b86be788,USD,3.89,2010-05-18,2023-11-18 22:36:20,337
338,786d42b2-683b-11ee-aca7-8699b86be788,USD,3.89,2010-05-22,2023-11-18 23:58:58,338
339,60db260a-683b-11ee-aca7-8699b86be788,USD,12.99,2010-05-22,2023-11-18 23:48:54,339
340,5f36cd40-683b-11ee-aca7-8699b86be788,USD,4.99,2010-05-17,2023-11-18 22:43:53,340
341,5d006f86-683b-11ee-aca7-8699b86be788,USD,1.29,2010-05-21,2023-11-18 23:49:59,341
342,67608196-683b-11ee-aca7-8699b86be788,USD,3.89,2010-05-19,2023-11-18 23:28:39,342
343,75a84ce8-683b-11ee-aca7-8699b86be788,USD,1.29,2010-05-22,2023-11-18 23:58:50,343
344,7cfe1f4a-683b-11ee-aca7-8699b86be788,USD,1.29,2010-05-22,2023-11-18 23:48:54,344
345,7a208966-683b-11ee-aca7-8699b86be788,USD,1.99,2010-05-21,2023-11-18 23:50:26,345
346,5d103330-683b-11ee-aca7-8699b86be788,USD,0.99,2010-05-13,2023-11-18 20:57:22,346
347,753d5640-683b-11ee-aca7-8699b86be788,USD,2.59,2010-05-21,2023-11-18 23:48:28,347
348,651de20c-683b-11ee-aca7-8699b86be788,USD,1.29,2010-05-22,2023-11-18 23:53:53,348
349,6f01e174-683b-11ee-aca7-8699b86be788,USD,2.59,2010-05-20,2023-11-18 23:48:00,349
350,64df6284-683b-11ee-aca7-8699b86be788,USD,4.99,2010-05-22,2023-11-18 23:58:39,350
351,605aa1b0-683b-11ee-aca7-8699b86be788,USD,1.29,2010-05-18,2023-11-18 16:02:47,351
352,5ee00eba-683b-11ee-aca7-8699b86be788,USD,1.29,2010-05-19,2023-11-18 21:18:05,8589934592
353,75a24258-683b-11ee-aca7-8699b86be788,USD,1.29,2010-05-21,2023-11-18 23:58:21,8589934593
354,6d813de0-683b-11ee-aca7-8699b86be788,USD,2.99,2010-05-20,2023-11-18 21:40:49,8589934594
355,782303b4-683b-11ee-aca7-8699b86be788,USD,4.99,2010-05-22,2023-11-18 23:57:07,8589934595
356,85eadfc6-683b-11ee-aca7-8699b86be788,USD,1.29,2010-05-22,2023-11-18 23:49:06,8589934596
357,6fb2c8f4-683b-11ee-aca7-8699b86be788,USD,1.29,2010-05-22,2023-11-18 23:48:57,8589934597
358,69523080-683b-11ee-aca7-8699b86be788,USD,1.29,2010-05-20,2023-11-18 23:17:36,8589934598
359,8983410a-683b-11ee-aca7-8699b86be788,USD,3.89,2010-05-22,2023-11-18 23:50:33,8589934599
360,76092f9a-683b-11ee-aca7-8699b86be788,USD,2.59,2010-05-22,2023-11-18 23:27:52,8589934600
361,63d04e44-683b-11ee-aca7-8699b86be788,USD,6.49,2010-05-20,2023-11-18 23:50:57,8589934601
362,5da2fb98-683b-11ee-aca7-8699b86be788,USD,2.59,2010-05-13,2023-11-18 17:45:20,8589934602
363,5d368b20-683b-11ee-aca7-8699b86be788,USD,3.89,2010-05-20,2023-11-18 23:49:37,8589934603
364,5cf1f21c-683b-11ee-aca7-8699b86be788,USD,1.29,2010-05-19,2023-11-18 23:29:39,8589934604
365,5d5f7a58-683b-11ee-aca7-8699b86be788,USD,1.99,2010-05-18,2023-11-18 10:04:23,8589934605
366,6302a5e8-683b-11ee-aca7-8699b86be788,USD,3.89,2010-05-20,2023-11-18 23:51:55,8589934606
367,6d33b80e-683b-11ee-aca7-8699b86be788,USD,0.99,2010-05-22,2023-11-18 23:55:59,8589934607
368,64767ec2-683b-11ee-aca7-8699b86be788,USD,3.89,2010-05-20,2023-11-18 23:58:04,8589934608
369,5d99d50e-683b-11ee-aca7-8699b86be788,USD,2.59,2010-05-14,2023-11-18 00:46:16,8589934609
370,79eacf42-683b-11ee-aca7-8699b86be788,USD,1.29,2010-05-21,2023-11-18 23:44:18,8589934610
371,693b44c4-683b-11ee-aca7-8699b86be788,USD,6.49,2010-05-20,2023-11-18 23:54:00,8589934611
372,7a0e548a-683b-11ee-aca7-8699b86be788,USD,0.99,2010-05-21,2023-11-18 23:27:50,8589934612
373,637ddb28-683b-11ee-aca7-8699b86be788,USD,0.99,2010-05-21,2023-11-18 23:29:52,8589934613
374,5eac52c8-683b-11ee-aca7-8699b86be788,USD,1.29,2010-05-21,2023-11-18 23:31:48,8589934614
375,7e6b8642-683b-11ee-aca7-8699b86be788,USD,12.99,2010-05-22,2023-11-18 23:49:39,8589934615
376,68467354-683b-11ee-aca7-8699b86be788,USD,6.49,2010-05-20,2023-11-18 23:59:30,8589934616
377,6906c686-683b-11ee-aca7-8699b86be788,USD,1.29,2010-05-21,2023-11-18 23:59:24,8589934617
378,70eba1e6-683b-11ee-aca7-8699b86be788,USD,1.99,2010-05-21,2023-11-18 23:47:57,8589934618
379,76dd8538-683b-11ee-aca7-8699b86be788,USD,2.59,2010-05-22,2023-11-18 23:54:10,8589934619
380,61f2af4a-683b-11ee-aca7-8699b86be788,USD,1.29,2010-05-20,2023-11-18 23:27:29,8589934620
381,61926e46-683b-11ee-aca7-8699b86be788,USD,1.99,2010-05-22,2023-11-18 23:51:25,8589934621
382,5f648136-683b-11ee-aca7-8699b86be788,USD,1.29,2010-05-22,2023-11-18 23:49:52,8589934622
383,6032a99e-683b-11ee-aca7-8699b86be788,USD,2.59,2010-05-16,2023-11-18 16:18:09,8589934623
384,87561a7e-683b-11ee-aca7-8699b86be788,USD,1.29,2010-05-22,2023-11-18 23:53:40,8589934624
385,61f5b6ae-683b-11ee-aca7-8699b86be788,USD,1.99,2010-05-17,2023-11-18 19:57:15,8589934625
386,6ceedbd0-683b-11ee-aca7-8699b86be788,USD,3.89,2010-05-21,2023-11-18 23:53:42,8589934626
387,66c64bee-683b-11ee-aca7-8699b86be788,USD,4.99,2010-05-20,2023-11-18 21:22:22,8589934627
388,72e29eaa-683b-11ee-aca7-8699b86be788,USD,1.29,2010-05-22,2023-11-18 23:52:33,8589934628
389,5f6602f4-683b-11ee-aca7-8699b86be788,USD,0.99,2010-05-19,2023-11-18 23:25:57,8589934629
390,5dd20370-683b-11ee-aca7-8699b86be788,USD,2.59,2010-05-17,2023-11-18 21:18:55,8589934630
391,5e64c1c4-683b-11ee-aca7-8699b86be788,USD,9.99,2010-05-19,2023-11-18 23:20:41,8589934631
392,615750e0-683b-11ee-aca7-8699b86be788,USD,3.89,2010-05-20,2023-11-18 23:50:43,8589934632
393,7f43c764-683b-11ee-aca7-8699b86be788,USD,3.89,2010-05-22,2023-11-18 23:59:45,8589934633
394,5f1a0246-683b-11ee-aca7-8699b86be788,USD,1.29,2010-05-22,2023-11-18 23:59:34,8589934634
395,6bf87bf0-683b-11ee-aca7-8699b86be788,USD,1.29,2010-05-21,2023-11-18 23:38:31,8589934635
396,5f13d7d6-683b-11ee-aca7-8699b86be788,USD,4.99,2010-05-15,2023-11-18 19:19:19,8589934636
397,61b54dda-683b-11ee-aca7-8699b86be788,USD,9.99,2010-05-20,2023-11-18 11:24:22,8589934637
398,68221c52-683b-11ee-aca7-8699b86be788,USD,0.99,2010-05-20,2023-11-18 23:06:23,8589934638
399,6f58d768-683b-11ee-aca7-8699b86be788,USD,0.99,2010-05-20,2023-11-18 23:47:55,8589934639
400,62c49096-683b-11ee-aca7-8699b86be788,USD,2.99,2010-05-19,2023-11-18 23:34:09,8589934640
401,7f8f3d20-683b-11ee-aca7-8699b86be788,USD,3.89,2010-05-22,2023-11-18 23:21:16,8589934641
402,61efa232-683b-11ee-aca7-8699b86be788,USD,2.99,2010-05-19,2023-11-18 23:37:13,8589934642
403,70b2148a-683b-11ee-aca7-8699b86be788,USD,12.99,2010-05-21,2023-11-18 23:41:33,8589934643
404,6612065c-683b-11ee-aca7-8699b86be788,USD,1.29,2010-05-22,2023-11-18 23:36:57,8589934644
405,5e31909c-683b-11ee-aca7-8699b86be788,USD,0.99,2010-05-14,2023-11-18 19:15:44,8589934645
406,5f0f4c02-683b-11ee-aca7-8699b86be788,USD,12.99,2010-05-20,2023-11-18 23:55:46,8589934646
407,8642ad28-683b-11ee-aca7-8699b86be788,USD,1.29,2010-05-22,2023-11-18 23:52:51,8589934647
408,79e4a5e0-683b-11ee-aca7-8699b86be788,USD,1.29,2010-05-21,2023-11-18 23:55:09,8589934648
409,7150c08a-683b-11ee-aca7-8699b86be788,USD,2.99,2010-05-22,2023-11-18 23:33:37,8589934649
410,7ef019b6-683b-11ee-aca7-8699b86be788,USD,3.89,2010-05-22,2023-11-18 23:24:09,8589934650
411,64e5a2f2-683b-11ee-aca7-8699b86be788,USD,2.59,2010-05-18,2023-11-18 22:45:59,8589934651
412,7ef7cb52-683b-11ee-aca7-8699b86be788,USD,2.59,2010-05-22,2023-11-18 23:53:48,8589934652
413,8792985a-683b-11ee-aca7-8699b86be788,USD,1.29,2010-05-22,2023-11-18 23:52:31,8589934653
414,767b200a-683b-11ee-aca7-8699b86be788,USD,3.89,2010-05-21,2023-11-18 23:45:23,8589934654
415,755ed3ce-683b-11ee-aca7-8699b86be788,USD,0.99,2010-05-22,2023-11-18 23:24:38,8589934655
416,6477ff68-683b-11ee-aca7-8699b86be788,USD,1.29,2010-05-20,2023-11-18 23:55:52,8589934656
417,60eea0fe-683b-11ee-aca7-8699b86be788,USD,1.29,2010-05-19,2023-11-18 23:40:33,8589934657
418,61512620-683b-11ee-aca7-8699b86be788,USD,0.99,2010-05-22,2023-11-18 23:53:34,8589934658
419,8925b698-683b-11ee-aca7-8699b86be788,USD,3.89,2010-05-22,2023-11-18 23:24:49,8589934659
420,706209b8-683b-11ee-aca7-8699b86be788,USD,0.99,2010-05-21,2023-11-18 23:43:54,8589934660
421,5e2cfb18-683b-11ee-aca7-8699b86be788,USD,1.29,2010-05-17,2023-11-18 23:49:16,8589934661
422,60299c1e-683b-11ee-aca7-8699b86be788,USD,1.29,2010-05-22,2023-11-18 23:21:50,8589934662
423,5f9c2d20-683b-11ee-aca7-8699b86be788,USD,1.29,2010-05-21,2023-11-18 19:45:28,8589934663
424,66e6919c-683b-11ee-aca7-8699b86be788,USD,0.99,2010-05-22,2023-11-18 23:49:52,8589934664
425,792c72fe-683b-11ee-aca7-8699b86be788,USD,1.29,2010-05-22,2023-11-18 23:26:49,8589934665
426,61393bd2-683b-11ee-aca7-8699b86be788,USD,2.99,2010-05-20,2023-11-18 23:50:04,8589934666
427,670dce24-683b-11ee-aca7-8699b86be788,USD,1.29,2010-05-20,2023-11-18 23:56:06,8589934667
428,779300e8-683b-11ee-aca7-8699b86be788,USD,1.29,2010-05-22,2023-11-18 23:59:23,8589934668
429,65f69746-683b-11ee-aca7-8699b86be788,USD,1.99,2010-05-19,2023-11-18 23:57:40,8589934669
430,76a5aa46-683b-11ee-aca7-8699b86be788,USD,1.29,2010-05-22,2023-11-18 23:22:27,8589934670
431,73855780-683b-11ee-aca7-8699b86be788,USD,1.29,2010-05-22,2023-11-18 23:59:15,8589934671
432,66f11dec-683b-11ee-aca7-8699b86be788,USD,1.29,2010-05-21,2023-11-18 23:28:55,8589934672
433,6e208756-683b-11ee-aca7-8699b86be788,USD,1.29,2010-05-20,2023-11-18 23:52:58,8589934673
434,6468e80c-683b-11ee-aca7-8699b86be788,USD,1.29,2010-05-19,2023-11-18 23:34:15,8589934674
435,6db61470-683b-11ee-aca7-8699b86be788,USD,2.59,2010-05-22,2023-11-18 23:52:04,8589934675
436,64c219f4-683b-11ee-aca7-8699b86be788,USD,2.59,2010-05-21,2023-11-18 23:43:09,8589934676
437,6da0fc7a-683b-11ee-aca7-8699b86be788,USD,1.29,2010-05-21,2023-11-18 23:27:30,8589934677
438,6076dc68-683b-11ee-aca7-8699b86be788,USD,1.29,2010-05-18,2023-11-18 22:27:00,8589934678
439,6925c7ac-683b-11ee-aca7-8699b86be788,USD,1.29,2010-05-21,2023-11-18 23:34:35,8589934679
440,5dc743b8-683b-11ee-aca7-8699b86be788,USD,1.29,2010-05-22,2023-11-18 23:56:00,8589934680
441,5d6d3832-683b-11ee-aca7-8699b86be788,USD,1.29,2010-05-15,2023-11-18 23:23:48,8589934681
442,5da607a2-683b-11ee-aca7-8699b86be788,USD,2.59,2010-05-20,2023-11-18 23:55:28,8589934682
443,5ea03920-683b-11ee-aca7-8699b86be788,USD,1.29,2010-05-18,2023-11-18 23:53:01,8589934683
444,7b8052a0-683b-11ee-aca7-8699b86be788,USD,3.89,2010-05-22,2023-11-18 23:34:56,8589934684
445,5ecf62e0-683b-11ee-aca7-8699b86be788,USD,2.59,2010-05-19,2023-11-18 23:23:13,8589934685
446,762b3a68-683b-11ee-aca7-8699b86be788,USD,1.29,2010-05-21,2023-11-18 23:40:32,8589934686
447,898667f4-683b-11ee-aca7-8699b86be788,USD,1.29,2010-05-22,2023-11-18 23:50:43,8589934687
448,5d98517a-683b-11ee-aca7-8699b86be788,USD,6.49,2010-05-15,2023-11-18 22:25:28,8589934688
449,6a2d7050-683b-11ee-aca7-8699b86be788,USD,0.99,2010-05-20,2023-11-18 23:48:46,8589934689
450,6e76c260-683b-11ee-aca7-8699b86be788,USD,1.29,2010-05-22,2023-11-18 23:58:15,8589934690
451,5e72a6ea-683b-11ee-aca7-8699b86be788,USD,3.89,2010-05-18,2023-11-18 22:20:45,8589934691
452,701a8b2e-683b-11ee-aca7-8699b86be788,USD,1.29,2010-05-21,2023-11-18 23:41:22,8589934692
453,5ec7e2fe-683b-11ee-aca7-8699b86be788,USD,3.89,2010-05-16,2023-11-18 22:22:33,8589934693
454,64565b74-683b-11ee-aca7-8699b86be788,USD,1.29,2010-05-21,2023-11-18 23:57:53,8589934694
455,899422c2-683b-11ee-aca7-8699b86be788,USD,2.59,2010-05-22,2023-11-18 23:57:26,8589934695
456,5d920054-683b-11ee-aca7-8699b86be788,USD,1.29,2010-05-20,2023-11-18 22:12:56,8589934696
457,8428defe-683b-11ee-aca7-8699b86be788,USD,1.29,2010-05-22,2023-11-18 23:57:59,8589934697
458,6a6b6252-683b-11ee-aca7-8699b86be788,USD,6.49,2010-05-21,2023-11-18 23:16:20,8589934698
459,64fe9e1a-683b-11ee-aca7-8699b86be788,USD,2.59,2010-05-20,2023-11-18 23:47:51,8589934699
460,7fee32d0-683b-11ee-aca7-8699b86be788,USD,0.99,2010-05-22,2023-11-18 23:56:08,8589934700
461,66550b28-683b-11ee-aca7-8699b86be788,USD,1.29,2010-05-19,2023-11-18 23:57:16,8589934701
462,66956ede-683b-11ee-aca7-8699b86be788,USD,0.99,2010-05-22,2023-11-18 23:52:14,8589934702
463,65ec081c-683b-11ee-aca7-8699b86be788,USD,3.89,2010-05-20,2023-11-18 23:58:00,8589934703
464,5d6eb978-683b-11ee-aca7-8699b86be788,USD,2.59,2010-05-17,2023-11-18 21:50:42,8589934704
465,6b22ef62-683b-11ee-aca7-8699b86be788,USD,3.89,2010-05-21,2023-11-18 23:46:25,8589934705
466,60be5c28-683b-11ee-aca7-8699b86be788,USD,0.99,2010-05-19,2023-11-18 23:42:48,8589934706
467,79388134-683b-11ee-aca7-8699b86be788,USD,1.29,2010-05-21,2023-11-18 23:31:10,8589934707
468,5f2796ae-683b-11ee-aca7-8699b86be788,USD,2.59,2010-05-16,2023-11-18 18:47:19,8589934708
469,6a7f0e74-683b-11ee-aca7-8699b86be788,USD,1.29,2010-05-20,2023-11-18 14:18:03,8589934709
470,6b4f77a8-683b-11ee-aca7-8699b86be788,USD,1.29,2010-05-21,2023-11-18 23:53:02,8589934710
471,5de12ab2-683b-11ee-aca7-8699b86be788,USD,3.89,2010-05-15,2023-11-18 16:32:10,8589934711
472,69d470f4-683b-11ee-aca7-8699b86be788,USD,1.29,2010-05-21,2023-11-18 23:58:51,8589934712
473,5ee30fe8-683b-11ee-aca7-8699b86be788,USD,1.29,2010-05-19,2023-11-18 23:46:38,8589934713
474,5e287516-683b-11ee-aca7-8699b86be788,USD,0.99,2010-05-15,2023-11-18 23:45:24,8589934714
475,6283b51c-683b-11ee-aca7-8699b86be788,USD,1.29,2010-05-21,2023-11-18 22:11:04,8589934715
476,6342402c-683b-11ee-aca7-8699b86be788,USD,2.59,2010-05-20,2023-11-18 17:06:14,8589934716
477,7a342b06-683b-11ee-aca7-8699b86be788,USD,0.99,2010-05-21,2023-11-18 23:55:45,8589934717
478,6835c3ba-683b-11ee-aca7-8699b86be788,USD,2.99,2010-05-22,2023-11-18 23:50:55,8589934718
479,6c003016-683b-11ee-aca7-8699b86be788,USD,1.29,2010-05-21,2023-11-18 23:43:27,8589934719
480,67f38c66-683b-11ee-aca7-8699b86be788,USD,1.29,2010-05-20,2023-11-18 21:21:49,8589934720
481,69ecbbfa-683b-11ee-aca7-8699b86be788,USD,2.59,2010-05-20,2023-11-18 22:22:48,8589934721
482,6c5e349a-683b-11ee-aca7-8699b86be788,USD,2.59,2010-05-22,2023-11-18 23:41:39,8589934722
483,6eb433c0-683b-11ee-aca7-8699b86be788,USD,1.29,2010-05-21,2023-11-18 23:54:45,8589934723
484,639dfce6-683b-11ee-aca7-8699b86be788,USD,1.29,2010-05-21,2023-11-18 23:27:45,8589934724
485,70016e46-683b-11ee-aca7-8699b86be788,USD,3.89,2010-05-21,2023-11-18 23:51:03,8589934725
486,6bc4bd42-683b-11ee-aca7-8699b86be788,USD,9.99,2010-05-21,2023-11-18 23:24:55,8589934726
487,7caa39ca-683b-11ee-aca7-8699b86be788,USD,1.29,2010-05-22,2023-11-18 23:59:02,8589934727
488,60021fd6-683b-11ee-aca7-8699b86be788,USD,2.59,2010-05-20,2023-11-18 15:54:48,8589934728
489,6342402c-683b-11ee-aca7-8699b86be788,USD,1.29,2010-05-21,2023-11-18 23:35:41,8589934729
490,6bbb9f5a-683b-11ee-aca7-8699b86be788,USD,1.29,2010-05-20,2023-11-18 23:50:06,8589934730
491,70d1a1d8-683b-11ee-aca7-8699b86be788,USD,1.99,2010-05-22,2023-11-18 22:55:45,8589934731
492,6c9ba0dc-683b-11ee-aca7-8699b86be788,USD,1.29,2010-05-20,2023-11-18 18:42:46,8589934732
493,795d262e-683b-11ee-aca7-8699b86be788,USD,2.59,2010-05-21,2023-11-18 23:48:39,8589934733
494,5e2e8398-683b-11ee-aca7-8699b86be788,USD,2.59,2010-05-14,2023-11-18 16:40:43,8589934734
495,656912ae-683b-11ee-aca7-8699b86be788,USD,1.99,2010-05-22,2023-11-18 23:56:26,8589934735
496,6ad866f4-683b-11ee-aca7-8699b86be788,USD,3.89,2010-05-20,2023-11-18 22:33:19,8589934736
497,64646354-683b-11ee-aca7-8699b86be788,USD,6.49,2010-05-18,2023-11-18 18:33:01,8589934737
498,60528840-683b-11ee-aca7-8699b86be788,USD,3.89,2010-05-22,2023-11-18 23:53:16,8589934738
499,5dd20370-683b-11ee-aca7-8699b86be788,USD,2.59,2010-05-16,2023-11-18 21:45:01,8589934739
500,62eed6e4-683b-11ee-aca7-8699b86be788,USD,1.29,2010-05-19,2023-11-18 23:58:28,8589934740
501,62e8d0be-683b-11ee-aca7-8699b86be788,USD,1.99,2010-05-21,2023-11-18 23:31:14,8589934741
502,5d7dfe42-683b-11ee-aca7-8699b86be788,USD,2.59,2010-05-14,2023-11-18 14:59:39,8589934742
503,65a497f2-683b-11ee-aca7-8699b86be788,USD,6.49,2010-05-22,2023-11-18 23:55:27,8589934743
504,6d967372-683b-11ee-aca7-8699b86be788,USD,1.29,2010-05-21,2023-11-18 23:46:27,8589934744
505,64d7ab52-683b-11ee-aca7-8699b86be788,USD,1.29,2010-05-18,2023-11-18 23:42:32,8589934745
506,6451cee2-683b-11ee-aca7-8699b86be788,USD,2.99,2010-05-19,2023-11-18 21:02:02,8589934746
507,7ab91942-683b-11ee-aca7-8699b86be788,USD,0.99,2010-05-22,2023-11-18 23:31:16,8589934747
508,5e1904f0-683b-11ee-aca7-8699b86be788,USD,1.29,2010-05-21,2023-11-18 23:45:52,8589934748
509,5d196d6a-683b-11ee-aca7-8699b86be788,USD,1.29,2010-05-22,2023-11-18 23:59:44,8589934749
510,867b12c6-683b-11ee-aca7-8699b86be788,USD,2.59,2010-05-22,2023-11-18 23:51:48,8589934750
511,76e81476-683b-11ee-aca7-8699b86be788,USD,1.29,2010-05-21,2023-11-18 23:30:34,8589934751
512,62698d0e-683b-11ee-aca7-8699b86be788,USD,0.99,2010-05-21,2023-11-18 23:48:46,8589934752
513,5e84d78e-683b-11ee-aca7-8699b86be788,USD,1.29,2010-05-19,2023-11-18 23:20:43,8589934753
514,790f84b4-683b-11ee-aca7-8699b86be788,USD,1.99,2010-05-22,2023-11-18 23:27:40,8589934754
515,5dcbe09e-683b-11ee-aca7-8699b86be788,USD,1.29,2010-05-14,2023-11-18 19:33:36,8589934755
516,8056f98c-683b-11ee-aca7-8699b86be788,USD,2.99,2010-05-22,2023-11-18 23:56:21,8589934756
517,73cfd292-683b-11ee-aca7-8699b86be788,USD,12.99,2010-05-22,2023-11-18 23:43:37,8589934757
518,6fcfa352-683b-11ee-aca7-8699b86be788,USD,1.29,2010-05-21,2023-11-18 23:26:46,8589934758
519,5e0ffdce-683b-11ee-aca7-8699b86be788,USD,0.99,2010-05-17,2023-11-18 22:32:32,8589934759
520,6009cec0-683b-11ee-aca7-8699b86be788,USD,6.49,2010-05-19,2023-11-18 23:45:19,8589934760
521,613f941e-683b-11ee-aca7-8699b86be788,USD,0.99,2010-05-22,2023-11-18 23:59:01,8589934761
522,795ba66e-683b-11ee-aca7-8699b86be788,USD,1.29,2010-05-21,2023-11-18 23:36:22,8589934762
523,7a41e188-683b-11ee-aca7-8699b86be788,USD,1.99,2010-05-22,2023-11-18 23:50:48,8589934763
524,608a540a-683b-11ee-aca7-8699b86be788,USD,1.29,2010-05-19,2023-11-18 23:43:34,8589934764
525,6cf807fa-683b-11ee-aca7-8699b86be788,USD,1.29,2010-05-20,2023-11-18 23:49:33,8589934765
526,6275bd86-683b-11ee-aca7-8699b86be788,USD,12.99,2010-05-18,2023-11-18 19:32:09,8589934766
527,837cadb4-683b-11ee-aca7-8699b86be788,USD,4.99,2010-05-22,2023-11-18 23:57:18,8589934767
528,600e65f2-683b-11ee-aca7-8699b86be788,USD,1.29,2010-05-17,2023-11-18 21:52:33,8589934768
529,5dfde2d8-683b-11ee-aca7-8699b86be788,USD,1.99,2010-05-16,2023-11-18 22:55:05,8589934769
530,691613a2-683b-11ee-aca7-8699b86be788,USD,2.59,2010-05-19,2023-11-18 23:24:35,8589934770
531,604e0374-683b-11ee-aca7-8699b86be788,USD,1.29,2010-05-21,2023-11-18 21:28:56,8589934771
532,69dda570-683b-11ee-aca7-8699b86be788,USD,0.99,2010-05-22,2023-11-18 23:43:44,8589934772
533,6f7a413c-683b-11ee-aca7-8699b86be788,USD,1.29,2010-05-21,2023-11-18 17:10:35,8589934773
534,637c5604-683b-11ee-aca7-8699b86be788,USD,12.99,2010-05-19,2023-11-18 23:58:44,8589934774
535,6a955562-683b-11ee-aca7-8699b86be788,USD,0.99,2010-05-21,2023-11-18 23:32:02,8589934775
536,77a0aa40-683b-11ee-aca7-8699b86be788,USD,3.89,2010-05-21,2023-11-18 23:30:16,8589934776
537,76da83f6-683b-11ee-aca7-8699b86be788,USD,0.99,2010-05-22,2023-11-18 23:52:08,8589934777
538,5ef6ec8e-683b-11ee-aca7-8699b86be788,USD,1.29,2010-05-21,2023-11-18 23:44:59,8589934778
539,5f385138-683b-11ee-aca7-8699b86be788,USD,1.29,2010-05-22,2023-11-18 23:59:03,8589934779
540,6a4a2650-683b-11ee-aca7-8699b86be788,USD,0.99,2010-05-20,2023-11-18 19:37:26,8589934780
541,693e54c0-683b-11ee-aca7-8699b86be788,USD,1.29,2010-05-22,2023-11-18 23:50:07,8589934781
542,625155d6-683b-11ee-aca7-8699b86be788,USD,1.29,2010-05-19,2023-11-18 23:47:51,8589934782
543,6012ee7e-683b-11ee-aca7-8699b86be788,USD,2.59,2010-05-19,2023-11-18 23:37:57,8589934783
544,792f740e-683b-11ee-aca7-8699b86be788,USD,0.99,2010-05-21,2023-11-18 23:47:07,8589934784
545,7629b742-683b-11ee-aca7-8699b86be788,USD,2.59,2010-05-22,2023-11-18 23:53:09,8589934785
546,657b5b12-683b-11ee-aca7-8699b86be788,USD,1.29,2010-05-21,2023-11-18 23:45:33,8589934786
547,89f07ae0-683b-11ee-aca7-8699b86be788,USD,3.89,2010-05-22,2023-11-18 20:29:55,8589934787
548,5fd2ea2c-683b-11ee-aca7-8699b86be788,USD,1.29,2010-05-18,2023-11-18 23:15:58,8589934788
549,7e306b2a-683b-11ee-aca7-8699b86be788,USD,12.99,2010-05-22,2023-11-18 23:39:21,8589934789
550,66150ee2-683b-11ee-aca7-8699b86be788,USD,3.89,2010-05-22,2023-11-18 23:20:42,8589934790
551,79d1f4c2-683b-11ee-aca7-8699b86be788,USD,9.99,2010-05-21,2023-11-18 23:38:45,8589934791
552,799226da-683b-11ee-aca7-8699b86be788,USD,12.99,2010-05-21,2023-11-18 23:35:42,8589934792
553,6275bd86-683b-11ee-aca7-8699b86be788,USD,6.49,2010-05-20,2023-11-18 20:13:32,8589934793
554,6704c6d0-683b-11ee-aca7-8699b86be788,USD,1.29,2010-05-20,2023-11-18 21:33:17,8589934794
555,5f2a9d68-683b-11ee-aca7-8699b86be788,USD,1.29,2010-05-20,2023-11-18 23:48:10,8589934795
556,682b36e8-683b-11ee-aca7-8699b86be788,USD,1.29,2010-05-19,2023-11-18 23:55:43,8589934796
557,83bdb412-683b-11ee-aca7-8699b86be788,USD,2.59,2010-05-22,2023-11-18 23:55:13,8589934797
558,630becf2-683b-11ee-aca7-8699b86be788,USD,2.59,2010-05-18,2023-11-18 22:50:40,8589934798
559,5cfa5bc8-683b-11ee-aca7-8699b86be788,USD,3.89,2010-05-12,2023-11-18 07:16:27,8589934799
560,89f807ec-683b-11ee-aca7-8699b86be788,USD,1.29,2010-05-22,2023-11-18 23:57:24,8589934800
561,617d3ddc-683b-11ee-aca7-8699b86be788,USD,1.29,2010-05-19,2023-11-18 23:45:49,8589934801
562,62f67692-683b-11ee-aca7-8699b86be788,USD,1.29,2010-05-19,2023-11-18 21:03:38,8589934802
563,70895860-683b-11ee-aca7-8699b86be788,USD,2.59,2010-05-21,2023-11-18 23:55:19,8589934803
564,5d4bc68e-683b-11ee-aca7-8699b86be788,USD,2.99,2010-05-13,2023-11-18 20:10:53,8589934804
565,6caf677a-683b-11ee-aca7-8699b86be788,USD,3.89,2010-05-22,2023-11-18 23:57:52,8589934805
566,60a90896-683b-11ee-aca7-8699b86be788,USD,0.99,2010-05-18,2023-11-18 21:00:10,8589934806
567,6520f50a-683b-11ee-aca7-8699b86be788,USD,2.59,2010-05-22,2023-11-18 23:50:32,8589934807
568,744acfb0-683b-11ee-aca7-8699b86be788,USD,3.89,2010-05-22,2023-11-18 23:55:59,8589934808
569,63b62fa0-683b-11ee-aca7-8699b86be788,USD,12.99,2010-05-22,2023-11-18 23:51:33,8589934809
570,5e8f6082-683b-11ee-aca7-8699b86be788,USD,3.89,2010-05-20,2023-11-18 23:56:21,8589934810
571,5d938eba-683b-11ee-aca7-8699b86be788,USD,3.89,2010-05-18,2023-11-18 23:34:37,8589934811
572,707737f2-683b-11ee-aca7-8699b86be788,USD,2.59,2010-05-21,2023-11-18 23:42:40,8589934812
573,5e66494a-683b-11ee-aca7-8699b86be788,USD,1.29,2010-05-17,2023-11-18 17:16:32,8589934813
574,69d77538-683b-11ee-aca7-8699b86be788,USD,0.99,2010-05-21,2023-11-18 23:57:05,8589934814
575,65cdccd0-683b-11ee-aca7-8699b86be788,USD,3.89,2010-05-22,2023-11-18 23:53:19,8589934815
576,6fb14268-683b-11ee-aca7-8699b86be788,USD,0.99,2010-05-22,2023-11-18 23:55:41,8589934816
577,730cebce-683b-11ee-aca7-8699b86be788,USD,1.29,2010-05-22,2023-11-18 23:55:18,8589934817
578,6746d660-683b-11ee-aca7-8699b86be788,USD,1.99,2010-05-20,2023-11-18 11:18:43,8589934818
579,8345c86c-683b-11ee-aca7-8699b86be788,USD,0.99,2010-05-22,2023-11-18 23:57:34,8589934819
580,85a37a32-683b-11ee-aca7-8699b86be788,USD,1.29,2010-05-22,2023-11-18 23:53:17,8589934820
581,614c00fa-683b-11ee-aca7-8699b86be788,USD,2.59,2010-05-17,2023-11-18 22:46:28,8589934821
582,b1d83b18-641d-101e-ac14-8690b86be718,USD,3.19,2010-05-11,2023-11-18 09:35:44,8589934822
583,5d25a7c4-683b-11ee-aca7-8699b86be788,USD,1.29,2010-05-14,2023-11-18 18:17:59,8589934823
584,638d35f0-683b-11ee-aca7-8699b86be788,USD,3.89,2010-05-22,2023-11-18 23:55:07,8589934824
585,5d45c0fe-683b-11ee-aca7-8699b86be788,USD,2.59,2010-05-15,2023-11-18 21:37:46,8589934825
586,67fb18e6-683b-11ee-aca7-8699b86be788,USD,2.59,2010-05-20,2023-11-18 15:47:50,8589934826
587,69118a1c-683b-11ee-aca7-8699b86be788,USD,2.99,2010-05-22,2023-11-18 23:59:12,8589934827
588,7415ee1c-683b-11ee-aca7-8699b86be788,USD,3.89,2010-05-21,2023-11-18 23:31:10,8589934828
589,62f4f63c-683b-11ee-aca7-8699b86be788,USD,1.29,2010-05-22,2023-11-18 23:54:27,8589934829
590,6a4ba958-683b-11ee-aca7-8699b86be788,USD,1.29,2010-05-22,2023-11-18 23:57:54,8589934830
591,5d595dc6-683b-11ee-aca7-8699b86be788,USD,1.29,2010-05-19,2023-11-18 23:51:10,8589934831
592,63827bc4-683b-11ee-aca7-8699b86be788,USD,3.89,2010-05-21,2023-11-18 23:33:40,8589934832
593,69195ad0-683b-11ee-aca7-8699b86be788,USD,2.59,2010-05-22,2023-11-18 23:54:09,8589934833
594,84daa620-683b-11ee-aca7-8699b86be788,USD,2.59,2010-05-22,2023-11-18 23:31:19,8589934834
595,69d77538-683b-11ee-aca7-8699b86be788,USD,0.99,2010-05-21,2023-11-18 23:43:32,8589934835
596,604f83c0-683b-11ee-aca7-8699b86be788,USD,1.29,2010-05-22,2023-11-18 23:49:29,8589934836
597,67f99278-683b-11ee-aca7-8699b86be788,USD,3.89,2010-05-22,2023-11-18 23:53:47,8589934837
598,6a2745e0-683b-11ee-aca7-8699b86be788,USD,3.89,2010-05-22,2023-11-18 21:13:03,8589934838
599,5d876c66-683b-11ee-aca7-8699b86be788,USD,2.59,2010-05-21,2023-11-18 23:54:08,8589934839
600,5fc6dbe2-683b-11ee-aca7-8699b86be788,USD,2.59,2010-05-17,2023-11-18 21:33:16,8589934840
601,5eb3e164-683b-11ee-aca7-8699b86be788,USD,3.89,2010-05-18,2023-11-18 23:03:04,8589934841
602,74b4ee72-683b-11ee-aca7-8699b86be788,USD,1.29,2010-05-21,2023-11-18 23:45:24,8589934842
603,6931f81a-683b-11ee-aca7-8699b86be788,USD,1.29,2010-05-22,2023-11-18 23:34:46,8589934843
604,72c5bbdc-683b-11ee-aca7-8699b86be788,USD,1.29,2010-05-22,2023-11-18 23:52:41,8589934844
605,5dc5c2fe-683b-11ee-aca7-8699b86be788,USD,1.29,2010-05-16,2023-11-18 09:43:12,8589934845
606,5e1a844c-683b-11ee-aca7-8699b86be788,USD,1.29,2010-05-19,2023-11-18 04:10:36,8589934846
607,84101f86-683b-11ee-aca7-8699b86be788,USD,1.29,2010-05-22,2023-11-18 23:51:23,8589934847
608,5f248fb8-683b-11ee-aca7-8699b86be788,USD,12.99,2010-05-20,2023-11-18 18:52:02,8589934848
609,5e5eaa14-683b-11ee-aca7-8699b86be788,USD,1.29,2010-05-19,2023-11-18 23:41:45,8589934849
610,695f01b6-683b-11ee-aca7-8699b86be788,USD,3.89,2010-05-19,2023-11-18 23:28:14,8589934850
611,5e117fa0-683b-11ee-aca7-8699b86be788,USD,1.29,2010-05-17,2023-11-18 22:39:52,8589934851
612,67de4a18-683b-11ee-aca7-8699b86be788,USD,0.99,2010-05-19,2023-11-18 23:45:12,8589934852
613,63c73d2c-683b-11ee-aca7-8699b86be788,USD,2.99,2010-05-19,2023-11-18 23:40:47,8589934853
614,60c46da2-683b-11ee-aca7-8699b86be788,USD,2.59,2010-05-21,2023-11-18 18:09:49,8589934854
615,6a15e598-683b-11ee-aca7-8699b86be788,USD,1.29,2010-05-22,2023-11-18 23:59:40,8589934855
616,5d9ff736-683b-11ee-aca7-8699b86be788,USD,1.29,2010-05-22,2023-11-18 23:33:27,8589934856
617,5f5386ce-683b-11ee-aca7-8699b86be788,USD,0.99,2010-05-19,2023-11-18 23:42:04,8589934857
618,7fb7b0ca-683b-11ee-aca7-8699b86be788,USD,1.29,2010-05-22,2023-11-18 23:56:24,8589934858
619,5cf37312-683b-11ee-aca7-8699b86be788,USD,6.49,2010-05-22,2023-11-18 23:36:02,8589934859
620,686de308-683b-11ee-aca7-8699b86be788,USD,2.59,2010-05-20,2023-11-18 23:58:41,8589934860
621,5e78c5b6-683b-11ee-aca7-8699b86be788,USD,1.29,2010-05-18,2023-11-18 23:40:24,8589934861
622,743a37c2-683b-11ee-aca7-8699b86be788,USD,1.29,2010-05-22,2023-11-18 23:50:56,8589934862
623,68344102-683b-11ee-aca7-8699b86be788,USD,1.99,2010-05-20,2023-11-18 15:56:01,8589934863
624,70fc4cda-683b-11ee-aca7-8699b86be788,USD,3.89,2010-05-22,2023-11-18 23:56:12,8589934864
625,5e2cfb18-683b-11ee-aca7-8699b86be788,USD,2.59,2010-05-17,2023-11-18 22:08:39,8589934865
626,70d1a1d8-683b-11ee-aca7-8699b86be788,USD,2.99,2010-05-22,2023-11-18 23:58:27,8589934866
627,60bfe160-683b-11ee-aca7-8699b86be788,USD,0.99,2010-05-20,2023-11-18 18:15:42,8589934867
628,651f6a00-683b-11ee-aca7-8699b86be788,USD,3.89,2010-05-20,2023-11-18 17:25:33,8589934868
629,6b1e6d5c-683b-11ee-aca7-8699b86be788,USD,1.29,2010-05-21,2023-11-18 23:44:42,8589934869
